Components,Road Frames,HL Road Frame,1431.5,Black,868.63,HL Road Frame - Black 58,FR-R92B-58,210
Components,Road Frames,HL Road Frame,1431.5,Red,868.63,HL Road Frame - Red 58,FR-R92R-58,211
Accessories,Helmets,Sport-100,33.64,Red,12.03,Sport-100 Helmet Red,HL-U509-R,212
Accessories,Helmets,Sport-100,33.64,Red,13.88,Sport-100 Helmet Red,HL-U509-R,213
Accessories,Helmets,Sport-100,34.99,Red,13.09,Sport-100 Helmet Red,HL-U509-R,214
Accessories,Helmets,Sport-100,33.64,Black,12.03,Sport-100 Helmet Black,HL-U509,215
Accessories,Helmets,Sport-100,33.64,Black,13.88,Sport-100 Helmet Black,HL-U509,216
Accessories,Helmets,Sport-100,34.99,Black,13.09,Sport-100 Helmet Black,HL-U509,217
Clothing,Socks,Mountain Bike Socks,9.5,White,3.4,Mountain Bike Socks M,SO-B909-M,218
Clothing,Socks,Mountain Bike Socks,9.5,White,3.4,Mountain Bike Socks L,SO-B909-L,219
Accessories,Helmets,Sport-100,33.64,Blue,12.03,Sport-100 Helmet Blue,HL-U509-B,220
Accessories,Helmets,Sport-100,33.64,Blue,13.88,Sport-100 Helmet Blue,HL-U509-B,221
Accessories,Helmets,Sport-100,34.99,Blue,13.09,Sport-100 Helmet Blue,HL-U509-B,222
Clothing,Caps,Cycling Cap,8.64,Multi,5.71,AWC Logo Cap,CA-1098,223
Clothing,Caps,Cycling Cap,8.64,Multi,5.23,AWC Logo Cap,CA-1098,224
Clothing,Caps,Cycling Cap,8.99,Multi,6.92,AWC Logo Cap,CA-1098,225
Clothing,Jerseys,Long-Sleeve Logo Jersey,48.07,Multi,31.72,Long-Sleeve Logo Jersey S,LJ-0192-S,226
Clothing,Jerseys,Long-Sleeve Logo Jersey,48.07,Multi,29.08,Long-Sleeve Logo Jersey S,LJ-0192-S,227
Clothing,Jerseys,Long-Sleeve Logo Jersey,49.99,Multi,38.49,Long-Sleeve Logo Jersey S,LJ-0192-S,228
Clothing,Jerseys,Long-Sleeve Logo Jersey,48.07,Multi,31.72,Long-Sleeve Logo Jersey M,LJ-0192-M,229
Clothing,Jerseys,Long-Sleeve Logo Jersey,48.07,Multi,29.08,Long-Sleeve Logo Jersey M,LJ-0192-M,230
Clothing,Jerseys,Long-Sleeve Logo Jersey,49.99,Multi,38.49,Long-Sleeve Logo Jersey M,LJ-0192-M,231
Clothing,Jerseys,Long-Sleeve Logo Jersey,48.07,Multi,31.72,Long-Sleeve Logo Jersey L,LJ-0192-L,232
Clothing,Jerseys,Long-Sleeve Logo Jersey,48.07,Multi,29.08,Long-Sleeve Logo Jersey L,LJ-0192-L,233
Clothing,Jerseys,Long-Sleeve Logo Jersey,49.99,Multi,38.49,Long-Sleeve Logo Jersey L,LJ-0192-L,234
Clothing,Jerseys,Long-Sleeve Logo Jersey,48.07,Multi,31.72,Long-Sleeve Logo Jersey XL,LJ-0192-X,235
Clothing,Jerseys,Long-Sleeve Logo Jersey,48.07,Multi,29.08,Long-Sleeve Logo Jersey XL,LJ-0192-X,236
Clothing,Jerseys,Long-Sleeve Logo Jersey,49.99,Multi,38.49,Long-Sleeve Logo Jersey XL,LJ-0192-X,237
Components,Road Frames,HL Road Frame,1263.46,Red,747.97,HL Road Frame - Red 62,FR-R92R-62,238
Components,Road Frames,HL Road Frame,1301.36,Red,722.26,HL Road Frame - Red 62,FR-R92R-62,239
Components,Road Frames,HL Road Frame,1431.5,Red,868.63,HL Road Frame - Red 62,FR-R92R-62,240
Components,Road Frames,HL Road Frame,1263.46,Red,747.97,HL Road Frame - Red 44,FR-R92R-44,241
Components,Road Frames,HL Road Frame,1301.36,Red,722.26,HL Road Frame - Red 44,FR-R92R-44,242
Components,Road Frames,HL Road Frame,1431.5,Red,868.63,HL Road Frame - Red 44,FR-R92R-44,243
Components,Road Frames,HL Road Frame,1263.46,Red,747.97,HL Road Frame - Red 48,FR-R92R-48,244
Components,Road Frames,HL Road Frame,1301.36,Red,722.26,HL Road Frame - Red 48,FR-R92R-48,245
Components,Road Frames,HL Road Frame,1431.5,Red,868.63,HL Road Frame - Red 48,FR-R92R-48,246
Components,Road Frames,HL Road Frame,1263.46,Red,747.97,HL Road Frame - Red 52,FR-R92R-52,247
Components,Road Frames,HL Road Frame,1301.36,Red,722.26,HL Road Frame - Red 52,FR-R92R-52,248
Components,Road Frames,HL Road Frame,1431.5,Red,868.63,HL Road Frame - Red 52,FR-R92R-52,249
Components,Road Frames,HL Road Frame,1263.46,Red,747.97,HL Road Frame - Red 56,FR-R92R-56,250
Components,Road Frames,HL Road Frame,1301.36,Red,722.26,HL Road Frame - Red 56,FR-R92R-56,251
Components,Road Frames,HL Road Frame,1431.5,Red,868.63,HL Road Frame - Red 56,FR-R92R-56,252
Components,Road Frames,LL Road Frame,297.63,Black,176.2,LL Road Frame - Black 58,FR-R38B-58,253
Components,Road Frames,LL Road Frame,306.56,Black,170.14,LL Road Frame - Black 58,FR-R38B-58,254
Components,Road Frames,LL Road Frame,337.22,Black,204.63,LL Road Frame - Black 58,FR-R38B-58,255
Components,Road Frames,LL Road Frame,297.63,Black,176.2,LL Road Frame - Black 60,FR-R38B-60,256
Components,Road Frames,LL Road Frame,306.56,Black,170.14,LL Road Frame - Black 60,FR-R38B-60,257
Components,Road Frames,LL Road Frame,337.22,Black,204.63,LL Road Frame - Black 60,FR-R38B-60,258
Components,Road Frames,LL Road Frame,297.63,Black,176.2,LL Road Frame - Black 62,FR-R38B-62,259
Components,Road Frames,LL Road Frame,306.56,Black,170.14,LL Road Frame - Black 62,FR-R38B-62,260
Components,Road Frames,LL Road Frame,337.22,Black,204.63,LL Road Frame - Black 62,FR-R38B-62,261
Components,Road Frames,LL Road Frame,306.56,Red,181.49,LL Road Frame - Red 44,FR-R38R-44,262
Components,Road Frames,LL Road Frame,337.22,Red,187.16,LL Road Frame - Red 44,FR-R38R-44,263
Components,Road Frames,LL Road Frame,306.56,Red,181.49,LL Road Frame - Red 48,FR-R38R-48,264
Components,Road Frames,LL Road Frame,337.22,Red,187.16,LL Road Frame - Red 48,FR-R38R-48,265
Components,Road Frames,LL Road Frame,306.56,Red,181.49,LL Road Frame - Red 52,FR-R38R-52,266
Components,Road Frames,LL Road Frame,337.22,Red,187.16,LL Road Frame - Red 52,FR-R38R-52,267
Components,Road Frames,LL Road Frame,306.56,Red,181.49,LL Road Frame - Red 58,FR-R38R-58,268
Components,Road Frames,LL Road Frame,337.22,Red,187.16,LL Road Frame - Red 58,FR-R38R-58,269
Components,Road Frames,LL Road Frame,306.56,Red,181.49,LL Road Frame - Red 60,FR-R38R-60,270
Components,Road Frames,LL Road Frame,337.22,Red,187.16,LL Road Frame - Red 60,FR-R38R-60,271
Components,Road Frames,LL Road Frame,306.56,Red,181.49,LL Road Frame - Red 62,FR-R38R-62,272
Components,Road Frames,LL Road Frame,337.22,Red,187.16,LL Road Frame - Red 62,FR-R38R-62,273
Components,Road Frames,ML Road Frame,594.83,Red,352.14,ML Road Frame - Red 44,FR-R72R-44,274
Components,Road Frames,ML Road Frame,594.83,Red,352.14,ML Road Frame - Red 48,FR-R72R-48,275
Components,Road Frames,ML Road Frame,594.83,Red,352.14,ML Road Frame - Red 52,FR-R72R-52,276
Components,Road Frames,ML Road Frame,594.83,Red,352.14,ML Road Frame - Red 58,FR-R72R-58,277
Components,Road Frames,ML Road Frame,594.83,Red,352.14,ML Road Frame - Red 60,FR-R72R-60,278
Components,Road Frames,LL Road Frame,297.63,Black,176.2,LL Road Frame - Black 44,FR-R38B-44,279
Components,Road Frames,LL Road Frame,306.56,Black,170.14,LL Road Frame - Black 44,FR-R38B-44,280
Components,Road Frames,LL Road Frame,337.22,Black,204.63,LL Road Frame - Black 44,FR-R38B-44,281
Components,Road Frames,LL Road Frame,297.63,Black,176.2,LL Road Frame - Black 48,FR-R38B-48,282
Components,Road Frames,LL Road Frame,306.56,Black,170.14,LL Road Frame - Black 48,FR-R38B-48,283
Components,Road Frames,LL Road Frame,337.22,Black,204.63,LL Road Frame - Black 48,FR-R38B-48,284
Components,Road Frames,LL Road Frame,297.63,Black,176.2,LL Road Frame - Black 52,FR-R38B-52,285
Components,Road Frames,LL Road Frame,306.56,Black,170.14,LL Road Frame - Black 52,FR-R38B-52,286
Components,Road Frames,LL Road Frame,337.22,Black,204.63,LL Road Frame - Black 52,FR-R38B-52,287
Components,Mountain Frames,HL Mountain Frame,1204.32,Silver,623.84,HL Mountain Frame - Silver 42,FR-M94S-42,288
Components,Mountain Frames,HL Mountain Frame,1240.45,Silver,660.91,HL Mountain Frame - Silver 42,FR-M94S-42,289
Components,Mountain Frames,HL Mountain Frame,1364.5,Silver,747.2,HL Mountain Frame - Silver 42,FR-M94S-42,290
Components,Mountain Frames,HL Mountain Frame,1364.5,Silver,706.81,HL Mountain Frame - Silver 44,FR-M94S-44,291
Components,Mountain Frames,HL Mountain Frame,1364.5,Silver,706.81,HL Mountain Frame - Silver 48,FR-M94S-52,292
Components,Mountain Frames,HL Mountain Frame,1204.32,Silver,623.84,HL Mountain Frame - Silver 46,FR-M94S-46,293
Components,Mountain Frames,HL Mountain Frame,1240.45,Silver,660.91,HL Mountain Frame - Silver 46,FR-M94S-46,294
Components,Mountain Frames,HL Mountain Frame,1364.5,Silver,747.2,HL Mountain Frame - Silver 46,FR-M94S-46,295
Components,Mountain Frames,HL Mountain Frame,1191.17,Black,617.03,HL Mountain Frame - Black 42,FR-M94B-42,296
Components,Mountain Frames,HL Mountain Frame,1226.91,Black,653.7,HL Mountain Frame - Black 42,FR-M94B-42,297
Components,Mountain Frames,HL Mountain Frame,1349.6,Black,739.04,HL Mountain Frame - Black 42,FR-M94B-42,298
Components,Mountain Frames,HL Mountain Frame,1349.6,Black,699.09,HL Mountain Frame - Black 44,FR-M94B-44,299
Components,Mountain Frames,HL Mountain Frame,1349.6,Black,699.09,HL Mountain Frame - Black 48,FR-M94B-48,300
Components,Mountain Frames,HL Mountain Frame,1191.17,Black,617.03,HL Mountain Frame - Black 46,FR-M94B-46,301
Components,Mountain Frames,HL Mountain Frame,1226.91,Black,653.7,HL Mountain Frame - Black 46,FR-M94B-46,302
Components,Mountain Frames,HL Mountain Frame,1349.6,Black,739.04,HL Mountain Frame - Black 46,FR-M94B-46,303
Components,Mountain Frames,HL Mountain Frame,1191.17,Black,617.03,HL Mountain Frame - Black 38,FR-M94B-38,304
Components,Mountain Frames,HL Mountain Frame,1226.91,Black,653.7,HL Mountain Frame - Black 38,FR-M94B-38,305
Components,Mountain Frames,HL Mountain Frame,1349.6,Black,739.04,HL Mountain Frame - Black 38,FR-M94B-38,306
Components,Mountain Frames,HL Mountain Frame,1204.32,Silver,623.84,HL Mountain Frame - Silver 38,FR-M94S-38,307
Components,Mountain Frames,HL Mountain Frame,1240.45,Silver,660.91,HL Mountain Frame - Silver 38,FR-M94S-38,308
Components,Mountain Frames,HL Mountain Frame,1364.5,Silver,747.2,HL Mountain Frame - Silver 38,FR-M94S-38,309
Bikes,Road Bikes,Road-150,3578.27,Red,2171.29,Road-150 Red 62,BK-R93R-62,310
Bikes,Road Bikes,Road-150,3578.27,Red,2171.29,Road-150 Red 44,BK-R93R-44,311
Bikes,Road Bikes,Road-150,3578.27,Red,2171.29,Road-150 Red 48,BK-R93R-48,312
Bikes,Road Bikes,Road-150,3578.27,Red,2171.29,Road-150 Red 52,BK-R93R-52,313
Bikes,Road Bikes,Road-150,3578.27,Red,2171.29,Road-150 Red 56,BK-R93R-56,314
Bikes,Road Bikes,Road-450,1457.99,Red,884.71,Road-450 Red 58,BK-R68R-58,315
Bikes,Road Bikes,Road-450,1457.99,Red,884.71,Road-450 Red 60,BK-R68R-60,316
Bikes,Road Bikes,Road-450,1457.99,Red,884.71,Road-450 Red 44,BK-R68R-44,317
Bikes,Road Bikes,Road-450,1457.99,Red,884.71,Road-450 Red 48,BK-R68R-48,318
Bikes,Road Bikes,Road-450,1457.99,Red,884.71,Road-450 Red 52,BK-R68R-52,319
Bikes,Road Bikes,Road-650,699.1,Red,413.15,Road-650 Red 58,BK-R50R-58,320
Bikes,Road Bikes,Road-650,782.99,Red,486.71,Road-650 Red 58,BK-R50R-58,321
Bikes,Road Bikes,Road-650,699.1,Red,413.15,Road-650 Red 60,BK-R50R-60,322
Bikes,Road Bikes,Road-650,782.99,Red,486.71,Road-650 Red 60,BK-R50R-60,323
Bikes,Road Bikes,Road-650,699.1,Red,413.15,Road-650 Red 62,BK-R50R-62,324
Bikes,Road Bikes,Road-650,782.99,Red,486.71,Road-650 Red 62,BK-R50R-62,325
Bikes,Road Bikes,Road-650,699.1,Red,413.15,Road-650 Red 44,BK-R50R-44,326
Bikes,Road Bikes,Road-650,782.99,Red,486.71,Road-650 Red 44,BK-R50R-44,327
Bikes,Road Bikes,Road-650,699.1,Red,413.15,Road-650 Red 48,BK-R50R-48,328
Bikes,Road Bikes,Road-650,782.99,Red,486.71,Road-650 Red 48,BK-R50R-48,329
Bikes,Road Bikes,Road-650,699.1,Red,413.15,Road-650 Red 52,BK-R50R-52,330
Bikes,Road Bikes,Road-650,782.99,Red,486.71,Road-650 Red 52,BK-R50R-52,331
Bikes,Road Bikes,Road-650,699.1,Black,413.15,Road-650 Black 58,BK-R50B-58,332
Bikes,Road Bikes,Road-650,782.99,Black,486.71,Road-650 Black 58,BK-R50B-58,333
Bikes,Road Bikes,Road-650,699.1,Black,413.15,Road-650 Black 60,BK-R50B-60,334
Bikes,Road Bikes,Road-650,782.99,Black,486.71,Road-650 Black 60,BK-R50B-60,335
Bikes,Road Bikes,Road-650,699.1,Black,413.15,Road-650 Black 62,BK-R50B-62,336
Bikes,Road Bikes,Road-650,782.99,Black,486.71,Road-650 Black 62,BK-R50B-62,337
Bikes,Road Bikes,Road-650,699.1,Black,413.15,Road-650 Black 44,BK-R50B-44,338
Bikes,Road Bikes,Road-650,782.99,Black,486.71,Road-650 Black 44,BK-R50B-44,339
Bikes,Road Bikes,Road-650,699.1,Black,413.15,Road-650 Black 48,BK-R50B-48,340
Bikes,Road Bikes,Road-650,782.99,Black,486.71,Road-650 Black 48,BK-R50B-48,341
Bikes,Road Bikes,Road-650,699.1,Black,413.15,Road-650 Black 52,BK-R50B-52,342
Bikes,Road Bikes,Road-650,782.99,Black,486.71,Road-650 Black 52,BK-R50B-52,343
Bikes,Mountain Bikes,Mountain-100,3399.99,Silver,1912.15,Mountain-100 Silver 38,BK-M82S-38,344
Bikes,Mountain Bikes,Mountain-100,3399.99,Silver,1912.15,Mountain-100 Silver 42,BK-M82S-42,345
Bikes,Mountain Bikes,Mountain-100,3399.99,Silver,1912.15,Mountain-100 Silver 44,BK-M82S-44,346
Bikes,Mountain Bikes,Mountain-100,3399.99,Silver,1912.15,Mountain-100 Silver 48,BK-M82S-48,347
Bikes,Mountain Bikes,Mountain-100,3374.99,Black,1898.09,Mountain-100 Black 38,BK-M82B-38,348
Bikes,Mountain Bikes,Mountain-100,3374.99,Black,1898.09,Mountain-100 Black 42,BK-M82B-42,349
Bikes,Mountain Bikes,Mountain-100,3374.99,Black,1898.09,Mountain-100 Black 44,BK-M82B-44,350
Bikes,Mountain Bikes,Mountain-100,3374.99,Black,1898.09,Mountain-100 Black 48,BK-M82B-48,351
Bikes,Mountain Bikes,Mountain-200,2071.42,Silver,1117.86,Mountain-200 Silver 38,BK-M68S-38,352
Bikes,Mountain Bikes,Mountain-200,2319.99,Silver,1265.62,Mountain-200 Silver 38,BK-M68S-38,353
Bikes,Mountain Bikes,Mountain-200,2071.42,Silver,1117.86,Mountain-200 Silver 42,BK-M68S-42,354
Bikes,Mountain Bikes,Mountain-200,2319.99,Silver,1265.62,Mountain-200 Silver 42,BK-M68S-42,355
Bikes,Mountain Bikes,Mountain-200,2071.42,Silver,1117.86,Mountain-200 Silver 46,BK-M68S-46,356
Bikes,Mountain Bikes,Mountain-200,2319.99,Silver,1265.62,Mountain-200 Silver 46,BK-M68S-46,357
Bikes,Mountain Bikes,Mountain-200,2049.1,Black,1105.81,Mountain-200 Black 38,BK-M68B-38,358
Bikes,Mountain Bikes,Mountain-200,2294.99,Black,1251.98,Mountain-200 Black 38,BK-M68B-38,359
Bikes,Mountain Bikes,Mountain-200,2049.1,Black,1105.81,Mountain-200 Black 42,BK-M68B-42,360
Bikes,Mountain Bikes,Mountain-200,2294.99,Black,1251.98,Mountain-200 Black 42,BK-M68B-42,361
Bikes,Mountain Bikes,Mountain-200,2049.1,Black,1105.81,Mountain-200 Black 46,BK-M68B-46,362
Bikes,Mountain Bikes,Mountain-200,2294.99,Black,1251.98,Mountain-200 Black 46,BK-M68B-46,363
Bikes,Mountain Bikes,Mountain-300,1079.99,Black,598.44,Mountain-300 Black 38,BK-M47B-38,364
Bikes,Mountain Bikes,Mountain-300,1079.99,Black,598.44,Mountain-300 Black 40,BK-M47B-40,365
Bikes,Mountain Bikes,Mountain-300,1079.99,Black,598.44,Mountain-300 Black 44,BK-M47B-44,366
Bikes,Mountain Bikes,Mountain-300,1079.99,Black,598.44,Mountain-300 Black 48,BK-M47B-48,367
Bikes,Road Bikes,Road-250,2443.35,Red,1518.79,Road-250 Red 44,BK-R89R-44,368
Bikes,Road Bikes,Road-250,2443.35,Red,1518.79,Road-250 Red 48,BK-R89R-48,369
Bikes,Road Bikes,Road-250,2443.35,Red,1518.79,Road-250 Red 52,BK-R89R-52,370
Bikes,Road Bikes,Road-250,2181.56,Red,1320.68,Road-250 Red 58,BK-R89R-58,371
Bikes,Road Bikes,Road-250,2443.35,Red,1554.95,Road-250 Red 58,BK-R89R-58,372
Bikes,Road Bikes,Road-250,2181.56,Black,1320.68,Road-250 Black 44,BK-R89B-44,373
Bikes,Road Bikes,Road-250,2443.35,Black,1554.95,Road-250 Black 44,BK-R89B-44,374
Bikes,Road Bikes,Road-250,2181.56,Black,1320.68,Road-250 Black 48,BK-R89B-48,375
Bikes,Road Bikes,Road-250,2443.35,Black,1554.95,Road-250 Black 48,BK-R89B-48,376
Bikes,Road Bikes,Road-250,2181.56,Black,1320.68,Road-250 Black 52,BK-R89B-52,377
Bikes,Road Bikes,Road-250,2443.35,Black,1554.95,Road-250 Black 52,BK-R89B-52,378
Bikes,Road Bikes,Road-250,2181.56,Black,1320.68,Road-250 Black 58,BK-R89B-58,379
Bikes,Road Bikes,Road-250,2443.35,Black,1554.95,Road-250 Black 58,BK-R89B-58,380
Bikes,Road Bikes,Road-550-W,1000.44,Yellow,605.65,Road-550-W Yellow 38,BK-R64Y-38,381
Bikes,Road Bikes,Road-550-W,1120.49,Yellow,713.08,Road-550-W Yellow 38,BK-R64Y-38,382
Bikes,Road Bikes,Road-550-W,1000.44,Yellow,605.65,Road-550-W Yellow 40,BK-R64Y-40,383
Bikes,Road Bikes,Road-550-W,1120.49,Yellow,713.08,Road-550-W Yellow 40,BK-R64Y-40,384
Bikes,Road Bikes,Road-550-W,1000.44,Yellow,605.65,Road-550-W Yellow 42,BK-R64Y-42,385
Bikes,Road Bikes,Road-550-W,1120.49,Yellow,713.08,Road-550-W Yellow 42,BK-R64Y-42,386
Bikes,Road Bikes,Road-550-W,1000.44,Yellow,605.65,Road-550-W Yellow 44,BK-R64Y-44,387
Bikes,Road Bikes,Road-550-W,1120.49,Yellow,713.08,Road-550-W Yellow 44,BK-R64Y-44,388
Bikes,Road Bikes,Road-550-W,1000.44,Yellow,605.65,Road-550-W Yellow 48,BK-R64Y-48,389
Bikes,Road Bikes,Road-550-W,1120.49,Yellow,713.08,Road-550-W Yellow 48,BK-R64Y-48,390
Components,Forks,LL Fork,148.22,NA,65.81,LL Fork,FK-1639,391
Components,Forks,ML Fork,175.49,NA,77.92,ML Fork,FK-5136,392
Components,Forks,HL Fork,229.49,NA,101.89,HL Fork,FK-9939,393
Components,Headsets,LL Headset,34.2,NA,15.18,LL Headset,HS-0296,394
Components,Headsets,ML Headset,102.29,NA,45.42,ML Headset,HS-2451,395
Components,Headsets,HL Headset,124.73,NA,55.38,HL Headset,HS-3479,396
Components,Handlebars,LL Mountain Handlebars,40.49,NA,17.98,LL Mountain Handlebars,HB-M243,397
Components,Handlebars,LL Mountain Handlebars,44.54,NA,19.78,LL Mountain Handlebars,HB-M243,398
Components,Handlebars,ML Mountain Handlebars,56.29,NA,24.99,ML Mountain Handlebars,HB-M763,399
Components,Handlebars,ML Mountain Handlebars,61.92,NA,27.49,ML Mountain Handlebars,HB-M763,400
Components,Handlebars,HL Mountain Handlebars,109.34,NA,48.55,HL Mountain Handlebars,HB-M918,401
Components,Handlebars,HL Mountain Handlebars,120.27,NA,53.4,HL Mountain Handlebars,HB-M918,402
Components,Handlebars,LL Road Handlebars,40.49,NA,17.98,LL Road Handlebars,HB-R504,403
Components,Handlebars,LL Road Handlebars,44.54,NA,19.78,LL Road Handlebars,HB-R504,404
Components,Handlebars,ML Road Handlebars,56.29,NA,24.99,ML Road Handlebars,HB-R720,405
Components,Handlebars,ML Road Handlebars,61.92,NA,27.49,ML Road Handlebars,HB-R720,406
Components,Handlebars,HL Road Handlebars,109.34,NA,48.55,HL Road Handlebars,HB-R956,407
Components,Handlebars,HL Road Handlebars,120.27,NA,53.4,HL Road Handlebars,HB-R956,408
Components,Mountain Frames,ML Mountain Frame-W,348.76,Black,185.82,ML Mountain Frame - Black 38,FR-M63B-38,409
Components,Wheels,LL Mountain Front Wheel,60.75,Black,26.97,LL Mountain Front Wheel,FW-M423,410
Components,Wheels,ML Mountain Front Wheel,209.03,Black,92.81,ML Mountain Front Wheel,FW-M762,411
Components,Wheels,HL Mountain Front Wheel,300.22,Black,133.3,HL Mountain Front Wheel,FW-M928,412
Components,Wheels,LL Road Front Wheel,85.57,Black,37.99,LL Road Front Wheel,FW-R623,413
Components,Wheels,ML Road Front Wheel,248.39,Black,110.28,ML Road Front Wheel,FW-R762,414
Components,Wheels,HL Road Front Wheel,330.06,Black,146.55,HL Road Front Wheel,FW-R820,415
Components,Wheels,Touring Front Wheel,218.01,Black,96.8,Touring Front Wheel,FW-T905,416
Components,Road Frames,ML Road Frame-W,540.75,Yellow,300.12,ML Road Frame-W - Yellow 38,FR-R72Y-38,417
Components,Road Frames,ML Road Frame-W,594.83,Yellow,360.94,ML Road Frame-W - Yellow 38,FR-R72Y-38,418
Components,Wheels,LL Mountain Rear Wheel,87.75,Black,38.96,LL Mountain Rear Wheel,RW-M423,419
Components,Wheels,ML Mountain Rear Wheel,236.03,Black,104.8,ML Mountain Rear Wheel,RW-M762,420
Components,Wheels,HL Mountain Rear Wheel,327.22,Black,145.28,HL Mountain Rear Wheel,RW-M928,421
Components,Wheels,LL Road Rear Wheel,112.57,Black,49.98,LL Road Rear Wheel,RW-R623,422
Components,Wheels,ML Road Rear Wheel,275.39,Black,122.27,ML Road Rear Wheel,RW-R762,423
Components,Wheels,HL Road Rear Wheel,357.06,Black,158.53,HL Road Rear Wheel,RW-R820,424
Components,Wheels,Touring Rear Wheel,245.01,Black,108.78,Touring Rear Wheel,RW-T905,425
Components,Mountain Frames,ML Mountain Frame,348.76,Black,185.82,ML Mountain Frame - Black 40,FR-M63B-40,426
Components,Mountain Frames,ML Mountain Frame,348.76,Black,185.82,ML Mountain Frame - Black 44,FR-M63B-44,427
Components,Mountain Frames,ML Mountain Frame,348.76,Black,185.82,ML Mountain Frame - Black 48,FR-M63B-48,428
Components,Road Frames,ML Road Frame-W,540.75,Yellow,300.12,ML Road Frame-W - Yellow 40,FR-R72Y-40,429
Components,Road Frames,ML Road Frame-W,594.83,Yellow,360.94,ML Road Frame-W - Yellow 40,FR-R72Y-40,430
Components,Road Frames,ML Road Frame-W,540.75,Yellow,300.12,ML Road Frame-W - Yellow 42,FR-R72Y-42,431
Components,Road Frames,ML Road Frame-W,594.83,Yellow,360.94,ML Road Frame-W - Yellow 42,FR-R72Y-42,432
Components,Road Frames,ML Road Frame-W,540.75,Yellow,300.12,ML Road Frame-W - Yellow 44,FR-R72Y-44,433
Components,Road Frames,ML Road Frame-W,594.83,Yellow,360.94,ML Road Frame-W - Yellow 44,FR-R72Y-44,434
Components,Road Frames,ML Road Frame-W,540.75,Yellow,300.12,ML Road Frame-W - Yellow 48,FR-R72Y-48,435
Components,Road Frames,ML Road Frame-W,594.83,Yellow,360.94,ML Road Frame-W - Yellow 48,FR-R72Y-48,436
Components,Road Frames,HL Road Frame,1301.36,Black,722.26,HL Road Frame - Black 62,FR-R92B-62,437
Components,Road Frames,HL Road Frame,1431.5,Black,868.63,HL Road Frame - Black 62,FR-R92B-62,438
Components,Road Frames,HL Road Frame,1301.36,Black,722.26,HL Road Frame - Black 44,FR-R92B-44,439
Components,Road Frames,HL Road Frame,1431.5,Black,868.63,HL Road Frame - Black 44,FR-R92B-44,440
Components,Road Frames,HL Road Frame,1301.36,Black,722.26,HL Road Frame - Black 48,FR-R92B-48,441
Components,Road Frames,HL Road Frame,1431.5,Black,868.63,HL Road Frame - Black 48,FR-R92B-48,442
Components,Road Frames,HL Road Frame,1301.36,Black,722.26,HL Road Frame - Black 52,FR-R92B-52,443
Components,Road Frames,HL Road Frame,1431.5,Black,868.63,HL Road Frame - Black 52,FR-R92B-52,444
Clothing,Shorts,Men's Sports Shorts,59.99,Black,24.75,Men's Sports Shorts S,SH-M897-S,445
Accessories,Panniers,Touring-Panniers,125,Grey,51.56,Touring-Panniers Large,PA-T100,446
Accessories,Locks,Cable Lock,25,NA,10.31,Cable Lock,LO-C100,447
Accessories,Pumps,Minipump,19.99,NA,8.25,Minipump,PU-0452,448
Accessories,Pumps,Mountain Pump,24.99,NA,10.31,Mountain Pump,PU-M044,449
Accessories,Lights,Taillight,13.99,NA,5.77,Taillights - Battery-Powered,LT-T990,450
Accessories,Lights,Headlights - Dual-Beam,34.99,NA,14.43,Headlights - Dual-Beam,LT-H902,451
Accessories,Lights,Headlights - Weatherproof,44.99,NA,18.56,Headlights - Weatherproof,LT-H903,452
Clothing,Shorts,Men's Sports Shorts,59.99,Black,24.75,Men's Sports Shorts M,SH-M897-M,453
Clothing,Shorts,Men's Sports Shorts,59.99,Black,24.75,Men's Sports Shorts L,SH-M897-L,454
Clothing,Shorts,Men's Sports Shorts,59.99,Black,24.75,Men's Sports Shorts XL,SH-M897-X,455
Clothing,Tights,Women's Tights,74.99,Black,30.93,Women's Tights S,TG-W091-S,456
Clothing,Tights,Women's Tights,74.99,Black,30.93,Women's Tights M,TG-W091-M,457
Clothing,Tights,Women's Tights,74.99,Black,30.93,Women's Tights L,TG-W091-L,458
Clothing,Bib-Shorts,Men's Bib-Shorts,89.99,Multi,37.12,Men's Bib-Shorts S,SB-M891-S,459
Clothing,Bib-Shorts,Men's Bib-Shorts,89.99,Multi,37.12,Men's Bib-Shorts M,SB-M891-M,460
Clothing,Bib-Shorts,Men's Bib-Shorts,89.99,Multi,37.12,Men's Bib-Shorts L,SB-M891-L,461
Clothing,Gloves,Half-Finger Gloves,23.55,Black,9.71,Half-Finger Gloves S,GL-H102-S,462
Clothing,Gloves,Half-Finger Gloves,24.49,Black,9.16,Half-Finger Gloves S,GL-H102-S,463
Clothing,Gloves,Half-Finger Gloves,23.55,Black,9.71,Half-Finger Gloves M,GL-H102-M,464
Clothing,Gloves,Half-Finger Gloves,24.49,Black,9.16,Half-Finger Gloves M,GL-H102-M,465
Clothing,Gloves,Half-Finger Gloves,23.55,Black,9.71,Half-Finger Gloves L,GL-H102-L,466
Clothing,Gloves,Half-Finger Gloves,24.49,Black,9.16,Half-Finger Gloves L,GL-H102-L,467
Clothing,Gloves,Full-Finger Gloves,37.99,Black,15.67,Full-Finger Gloves S,GL-F110-S,468
Clothing,Gloves,Full-Finger Gloves,37.99,Black,15.67,Full-Finger Gloves M,GL-F110-M,469
Clothing,Gloves,Full-Finger Gloves,37.99,Black,15.67,Full-Finger Gloves L,GL-F110-L,470
Clothing,Vests,Classic Vest,63.5,Blue,23.75,Classic Vest S,VE-C304-S,471
Clothing,Vests,Classic Vest,63.5,Blue,23.75,Classic Vest M,VE-C304-M,472
Clothing,Vests,Classic Vest,63.5,Blue,23.75,Classic Vest L,VE-C304-L,473
Clothing,Shorts,Women's Mountain Shorts,69.99,Black,26.18,Women's Mountain Shorts S,SH-W890-S,474
Clothing,Shorts,Women's Mountain Shorts,69.99,Black,26.18,Women's Mountain Shorts M,SH-W890-M,475
Clothing,Shorts,Women's Mountain Shorts,69.99,Black,26.18,Women's Mountain Shorts L,SH-W890-L,476
Accessories,Bottles and Cages,Water Bottle,4.99,NA,1.87,Water Bottle - 30 oz.,WB-H098,477
Accessories,Bottles and Cages,Mountain Bottle Cage,9.99,NA,3.74,Mountain Bottle Cage,BC-M005,478
Accessories,Bottles and Cages,Road Bottle Cage,8.99,NA,3.36,Road Bottle Cage,BC-R205,479
Accessories,Tires and Tubes,Patch kit,2.29,NA,0.86,Patch Kit/8 Patches,PK-7098,480
Clothing,Socks,Racing Socks,8.99,White,3.36,Racing Socks M,SO-R809-M,481
Clothing,Socks,Racing Socks,8.99,White,3.36,Racing Socks L,SO-R809-L,482
Accessories,Bike Racks,Hitch Rack - 4-Bike,120,NA,44.88,Hitch Rack - 4-Bike,RA-H123,483
Accessories,Cleaners,Bike Wash,7.95,NA,2.97,Bike Wash - Dissolver,CL-9009,484
Accessories,Fenders,Fender Set - Mountain,21.98,NA,8.22,Fender Set - Mountain,FE-6654,485
Accessories,Bike Stands,All-Purpose Bike Stand,159,NA,59.47,All-Purpose Bike Stand,ST-1401,486
Accessories,Hydration Packs,Hydration Pack,54.99,Silver,20.57,Hydration Pack - 70 oz.,HY-1023-70,487
Clothing,Jerseys,Short-Sleeve Classic Jersey,53.99,Yellow,41.57,Short-Sleeve Classic Jersey S,SJ-0194-S,488
Clothing,Jerseys,Short-Sleeve Classic Jersey,53.99,Yellow,41.57,Short-Sleeve Classic Jersey M,SJ-0194-M,489
Clothing,Jerseys,Short-Sleeve Classic Jersey,53.99,Yellow,41.57,Short-Sleeve Classic Jersey L,SJ-0194-L,490
Clothing,Jerseys,Short-Sleeve Classic Jersey,53.99,Yellow,41.57,Short-Sleeve Classic Jersey XL,SJ-0194-X,491
Components,Touring Frames,HL Touring Frame,1003.91,Yellow,601.74,HL Touring Frame - Yellow 60,FR-T98Y-60,492
Components,Touring Frames,LL Touring Frame,333.42,Yellow,199.85,LL Touring Frame - Yellow 62,FR-T67Y-62,493
Components,Touring Frames,HL Touring Frame,1003.91,Yellow,601.74,HL Touring Frame - Yellow 46,FR-T98Y-46,494
Components,Touring Frames,HL Touring Frame,1003.91,Yellow,601.74,HL Touring Frame - Yellow 50,FR-T98Y-50,495
Components,Touring Frames,HL Touring Frame,1003.91,Yellow,601.74,HL Touring Frame - Yellow 54,FR-T98Y-54,496
Components,Touring Frames,HL Touring Frame,1003.91,Blue,601.74,HL Touring Frame - Blue 46,FR-T98U-46,497
Components,Touring Frames,HL Touring Frame,1003.91,Blue,601.74,HL Touring Frame - Blue 50,FR-T98U-50,498
Components,Touring Frames,HL Touring Frame,1003.91,Blue,601.74,HL Touring Frame - Blue 54,FR-T98U-54,499
Components,Touring Frames,HL Touring Frame,1003.91,Blue,601.74,HL Touring Frame - Blue 60,FR-T98U-60,500
Components,Derailleurs,Rear Derailleur,121.46,Silver,53.93,Rear Derailleur,RD-2308,501
Components,Touring Frames,LL Touring Frame,333.42,Blue,199.85,LL Touring Frame - Blue 50,FR-T67U-50,502
Components,Touring Frames,LL Touring Frame,333.42,Blue,199.85,LL Touring Frame - Blue 54,FR-T67U-54,503
Components,Touring Frames,LL Touring Frame,333.42,Blue,199.85,LL Touring Frame - Blue 58,FR-T67U-58,504
Components,Touring Frames,LL Touring Frame,333.42,Blue,199.85,LL Touring Frame - Blue 62,FR-T67U-62,505
Components,Touring Frames,LL Touring Frame,333.42,Yellow,199.85,LL Touring Frame - Yellow 44,FR-T67Y-44,506
Components,Touring Frames,LL Touring Frame,333.42,Yellow,199.85,LL Touring Frame - Yellow 50,FR-T67Y-50,507
Components,Touring Frames,LL Touring Frame,333.42,Yellow,199.85,LL Touring Frame - Yellow 54,FR-T67Y-54,508
Components,Touring Frames,LL Touring Frame,333.42,Yellow,199.85,LL Touring Frame - Yellow 58,FR-T67Y-58,509
Components,Touring Frames,LL Touring Frame,333.42,Blue,199.85,LL Touring Frame - Blue 44,FR-T67U-44,510
Components,Mountain Frames,ML Mountain Frame-W,364.09,Silver,199.38,ML Mountain Frame-W - Silver 40,FR-M63S-40,511
Components,Mountain Frames,ML Mountain Frame-W,364.09,Silver,199.38,ML Mountain Frame-W - Silver 42,FR-M63S-42,512
Components,Mountain Frames,ML Mountain Frame-W,364.09,Silver,199.38,ML Mountain Frame-W - Silver 46,FR-M63S-46,513
Components,Brakes,Rear Brakes,106.5,Silver,47.29,Rear Brakes,RB-9231,514
Components,Saddles,LL Mountain Seat/Saddle 2,27.12,NA,12.04,LL Mountain Seat/Saddle,SE-M236,515
Components,Saddles,ML Mountain Seat/Saddle 2,39.14,NA,17.38,ML Mountain Seat/Saddle,SE-M798,516
Components,Saddles,HL Mountain Seat/Saddle 2,52.64,NA,23.37,HL Mountain Seat/Saddle,SE-M940,517
Components,Saddles,LL Road Seat/Saddle 1,27.12,NA,12.04,LL Road Seat/Saddle,SE-R581,518
Components,Saddles,ML Road Seat/Saddle 2,39.14,NA,17.38,ML Road Seat/Saddle,SE-R908,519
Components,Saddles,HL Road Seat/Saddle 2,52.64,NA,23.37,HL Road Seat/Saddle,SE-R995,520
Components,Saddles,LL Touring Seat/Saddle,27.12,NA,12.04,LL Touring Seat/Saddle,SE-T312,521
Components,Saddles,ML Touring Seat/Saddle,39.14,NA,17.38,ML Touring Seat/Saddle,SE-T762,522
Components,Saddles,HL Touring Seat/Saddle,52.64,NA,23.37,HL Touring Seat/Saddle,SE-T924,523
Components,Mountain Frames,LL Mountain Frame,264.05,Silver,144.59,LL Mountain Frame - Silver 42,FR-M21S-42,524
Components,Mountain Frames,LL Mountain Frame,264.05,Silver,144.59,LL Mountain Frame - Silver 44,FR-M21S-44,525
Components,Mountain Frames,LL Mountain Frame,264.05,Silver,144.59,LL Mountain Frame - Silver 48,FR-M21S-48,526
Components,Mountain Frames,LL Mountain Frame,264.05,Silver,144.59,LL Mountain Frame - Silver 52,FR-M21S-52,527
Accessories,Tires and Tubes,Mountain Tire Tube,4.99,NA,1.87,Mountain Tire Tube,TT-M928,528
Accessories,Tires and Tubes,Road Tire Tube,3.99,NA,1.49,Road Tire Tube,TT-R982,529
Accessories,Tires and Tubes,Touring Tire Tube,4.99,NA,1.87,Touring Tire Tube,TT-T092,530
Components,Mountain Frames,LL Mountain Frame,249.79,Black,136.79,LL Mountain Frame - Black 42,FR-M21B-42,531
Components,Mountain Frames,LL Mountain Frame,249.79,Black,136.79,LL Mountain Frame - Black 44,FR-M21B-44,532
Components,Mountain Frames,LL Mountain Frame,249.79,Black,136.79,LL Mountain Frame - Black 48,FR-M21B-48,533
Components,Mountain Frames,LL Mountain Frame,249.79,Black,136.79,LL Mountain Frame - Black 52,FR-M21B-52,534
Accessories,Tires and Tubes,LL Mountain Tire,24.99,NA,9.35,LL Mountain Tire,TI-M267,535
Accessories,Tires and Tubes,ML Mountain Tire,29.99,NA,11.22,ML Mountain Tire,TI-M602,536
Accessories,Tires and Tubes,HL Mountain Tire,35,NA,13.09,HL Mountain Tire,TI-M823,537
Accessories,Tires and Tubes,LL Road Tire,21.49,NA,8.04,LL Road Tire,TI-R092,538
Accessories,Tires and Tubes,ML Road Tire,24.99,NA,9.35,ML Road Tire,TI-R628,539
Accessories,Tires and Tubes,HL Road Tire,32.6,NA,12.19,HL Road Tire,TI-R982,540
Accessories,Tires and Tubes,Touring Tire,28.99,NA,10.84,Touring Tire,TI-T723,541
Components,Pedals,LL Mountain Pedal,40.49,Silver/Black,17.98,LL Mountain Pedal,PD-M282,542
Components,Pedals,ML Mountain Pedal,62.09,Silver/Black,27.57,ML Mountain Pedal,PD-M340,543
Components,Pedals,HL Mountain Pedal,80.99,Silver/Black,35.96,HL Mountain Pedal,PD-M562,544
Components,Pedals,LL Road Pedal,40.49,Silver/Black,17.98,LL Road Pedal,PD-R347,545
Components,Pedals,ML Road Pedal,62.09,Silver/Black,27.57,ML Road Pedal,PD-R563,546
Components,Pedals,HL Road Pedal,80.99,Silver/Black,35.96,HL Road Pedal,PD-R853,547
Components,Pedals,Touring Pedal,80.99,Silver/Black,35.96,Touring Pedal,PD-T852,548
Components,Mountain Frames,ML Mountain Frame-W,364.09,Silver,199.38,ML Mountain Frame-W - Silver 38,FR-M63S-38,549
Components,Mountain Frames,LL Mountain Frame,249.79,Black,136.79,LL Mountain Frame - Black 40,FR-M21B-40,550
Components,Mountain Frames,LL Mountain Frame,264.05,Silver,144.59,LL Mountain Frame - Silver 40,FR-M21S-40,551
Components,Derailleurs,Front Derailleur,91.49,Silver,40.62,Front Derailleur,FD-2342,552
Components,Handlebars,LL Touring Handlebars,46.09,NA,20.46,LL Touring Handlebars,HB-T721,553
Components,Handlebars,HL Touring Handlebars,91.57,NA,40.66,HL Touring Handlebars,HB-T928,554
Components,Brakes,Front Brakes,106.5,Silver,47.29,Front Brakes,FB-9873,555
Components,Cranksets,LL Crankset,175.49,Black,77.92,LL Crankset,CS-4759,556
Components,Cranksets,ML Crankset,256.49,Black,113.88,ML Crankset,CS-6583,557
Components,Cranksets,HL Crankset,404.99,Black,179.82,HL Crankset,CS-9183,558
Components,Chains,Chain,20.24,Silver,8.99,Chain,CH-0234,559
Bikes,Touring Bikes,Touring-2000,1214.85,Blue,755.15,Touring-2000 Blue 60,BK-T44U-60,560
Bikes,Touring Bikes,Touring-1000,2384.07,Yellow,1481.94,Touring-1000 Yellow 46,BK-T79Y-46,561
Bikes,Touring Bikes,Touring-1000,2384.07,Yellow,1481.94,Touring-1000 Yellow 50,BK-T79Y-50,562
Bikes,Touring Bikes,Touring-1000,2384.07,Yellow,1481.94,Touring-1000 Yellow 54,BK-T79Y-54,563
Bikes,Touring Bikes,Touring-1000,2384.07,Yellow,1481.94,Touring-1000 Yellow 60,BK-T79Y-60,564
Bikes,Touring Bikes,Touring-3000,742.35,Blue,461.44,Touring-3000 Blue 54,BK-T18U-54,565
Bikes,Touring Bikes,Touring-3000,742.35,Blue,461.44,Touring-3000 Blue 58,BK-T18U-58,566
Bikes,Touring Bikes,Touring-3000,742.35,Blue,461.44,Touring-3000 Blue 62,BK-T18U-62,567
Bikes,Touring Bikes,Touring-3000,742.35,Yellow,461.44,Touring-3000 Yellow 44,BK-T18Y-44,568
Bikes,Touring Bikes,Touring-3000,742.35,Yellow,461.44,Touring-3000 Yellow 50,BK-T18Y-50,569
Bikes,Touring Bikes,Touring-3000,742.35,Yellow,461.44,Touring-3000 Yellow 54,BK-T18Y-54,570
Bikes,Touring Bikes,Touring-3000,742.35,Yellow,461.44,Touring-3000 Yellow 58,BK-T18Y-58,571
Bikes,Touring Bikes,Touring-3000,742.35,Yellow,461.44,Touring-3000 Yellow 62,BK-T18Y-62,572
Bikes,Touring Bikes,Touring-1000,2384.07,Blue,1481.94,Touring-1000 Blue 46,BK-T79U-46,573
Bikes,Touring Bikes,Touring-1000,2384.07,Blue,1481.94,Touring-1000 Blue 50,BK-T79U-50,574
Bikes,Touring Bikes,Touring-1000,2384.07,Blue,1481.94,Touring-1000 Blue 54,BK-T79U-54,575
Bikes,Touring Bikes,Touring-1000,2384.07,Blue,1481.94,Touring-1000 Blue 60,BK-T79U-60,576
Bikes,Touring Bikes,Touring-2000,1214.85,Blue,755.15,Touring-2000 Blue 46,BK-T44U-46,577
Bikes,Touring Bikes,Touring-2000,1214.85,Blue,755.15,Touring-2000 Blue 50,BK-T44U-50,578
Bikes,Touring Bikes,Touring-2000,1214.85,Blue,755.15,Touring-2000 Blue 54,BK-T44U-54,579
Bikes,Road Bikes,Road-350-W,1700.99,Yellow,1082.51,Road-350-W Yellow 40,BK-R79Y-40,580
Bikes,Road Bikes,Road-350-W,1700.99,Yellow,1082.51,Road-350-W Yellow 42,BK-R79Y-42,581
Bikes,Road Bikes,Road-350-W,1700.99,Yellow,1082.51,Road-350-W Yellow 44,BK-R79Y-44,582
Bikes,Road Bikes,Road-350-W,1700.99,Yellow,1082.51,Road-350-W Yellow 48,BK-R79Y-48,583
Bikes,Road Bikes,Road-750,539.99,Black,343.65,Road-750 Black 58,BK-R19B-58,584
Bikes,Touring Bikes,Touring-3000,742.35,Blue,461.44,Touring-3000 Blue 44,BK-T18U-44,585
Bikes,Touring Bikes,Touring-3000,742.35,Blue,461.44,Touring-3000 Blue 50,BK-T18U-50,586
Bikes,Mountain Bikes,Mountain-400-W,769.49,Silver,419.78,Mountain-400-W Silver 38,BK-M38S-38,587
Bikes,Mountain Bikes,Mountain-400-W,769.49,Silver,419.78,Mountain-400-W Silver 40,BK-M38S-40,588
Bikes,Mountain Bikes,Mountain-400-W,769.49,Silver,419.78,Mountain-400-W Silver 42,BK-M38S-42,589
Bikes,Mountain Bikes,Mountain-400-W,769.49,Silver,419.78,Mountain-400-W Silver 46,BK-M38S-46,590
Bikes,Mountain Bikes,Mountain-500,564.99,Silver,308.22,Mountain-500 Silver 40,BK-M18S-40,591
Bikes,Mountain Bikes,Mountain-500,564.99,Silver,308.22,Mountain-500 Silver 42,BK-M18S-42,592
Bikes,Mountain Bikes,Mountain-500,564.99,Silver,308.22,Mountain-500 Silver 44,BK-M18S-44,593
Bikes,Mountain Bikes,Mountain-500,564.99,Silver,308.22,Mountain-500 Silver 48,BK-M18S-48,594
Bikes,Mountain Bikes,Mountain-500,564.99,Silver,308.22,Mountain-500 Silver 52,BK-M18S-52,595
Bikes,Mountain Bikes,Mountain-500,539.99,Black,294.58,Mountain-500 Black 40,BK-M18B-40,596
Bikes,Mountain Bikes,Mountain-500,539.99,Black,294.58,Mountain-500 Black 42,BK-M18B-42,597
Bikes,Mountain Bikes,Mountain-500,539.99,Black,294.58,Mountain-500 Black 44,BK-M18B-44,598
Bikes,Mountain Bikes,Mountain-500,539.99,Black,294.58,Mountain-500 Black 48,BK-M18B-48,599
Bikes,Mountain Bikes,Mountain-500,539.99,Black,294.58,Mountain-500 Black 52,BK-M18B-52,600
Components,Bottom Brackets,LL Bottom Bracket,53.99,NA,23.97,LL Bottom Bracket,BB-7421,601
Components,Bottom Brackets,ML Bottom Bracket,101.24,NA,44.95,ML Bottom Bracket,BB-8107,602
Components,Bottom Brackets,HL Bottom Bracket,121.49,NA,53.94,HL Bottom Bracket,BB-9108,603
Bikes,Road Bikes,Road-750,539.99,Black,343.65,Road-750 Black 44,BK-R19B-44,604
Bikes,Road Bikes,Road-750,539.99,Black,343.65,Road-750 Black 48,BK-R19B-48,605
Bikes,Road Bikes,Road-750,539.99,Black,343.65,Road-750 Black 52,BK-R19B-52,606
